UNO, NAME
6,Long Island Iced Tea
6,Salty Dog
6,Vesper Martini
6,Blue Hawaii
6,Brass Monkey
6,Ginza Mary
6,Adios Motherfucker
6,Apple Martini
6,Black Russian
6,Bloody Mary
6,Martini Cocktail
6,Horse's Neck
6,Singapore Sling
6,Paradise
6,Martini
6,20th Century
6,Alexander
6,Angel Face
6,Aviation
6,Bee's Knees
6,French Connection
6,Flaming Volcano
6,Mojito
6,Paddington
6,Crab Malice Cocktail
6,Cradle of Life
6,Craft Strawberry Daiquiri (Kevin Liu)
6,The Bitter End
6,Lime Rickey
6,Derby
6,Kremlin Colonel
6,Boulevardier
6,Bourbon Lancer
6,Missouri Mule
6,Mint Julep
6,Old Fashioned
6,Whiskey Sour
6,Battle of New Orleans
6,Bijou
6,Cooperstown Cocktail
6,Blackthorn
6,Damn the Weather
6,Martinez
6,Rob Roy
6,Churchill
6,Vieux Carre
6,Queen Mary
6,Jack Rose
6,Monkey Gland
6,Pink Lady
6,Bacardi
6,Cuban Sunset
6,El Presidente
6,Mary Pickford
6,Zombie
6,Tom Collins
6,Juan Collins
6,Mojito Blanco
6,Queens
6,Painkiller
6,Pina Colada
6,Rum Swizzle
6,Matador
6,Chi-Chi
6,Agua de Sevilla
6,Pisco Sour
6,Suffering Bastard
6,The Last Word
6,Cojito
6,Sidecar